,Model,Values
0,yngkp_m5,-0.0
1,yngkp_m5,-0.0
2,yngkp_m5,-0.0
3,yngkp_m5,-0.0
4,yngkp_m5,-0.0
5,yngkp_m5,-0.0
6,yngkp_m5,-0.0
7,yngkp_m5,-0.0
8,yngkp_m5,-0.0
9,yngkp_m5,-0.0
10,yngkp_m5,-0.0
11,yngkp_m5,-0.0
12,yngkp_m5,-0.0
13,yngkp_m5,-0.0
14,yngkp_m5,-0.0
15,yngkp_m5,-0.0
16,yngkp_m5,-0.0
17,yngkp_m5,-0.0
18,yngkp_m5,-0.0
19,yngkp_m5,-0.0
20,yngkp_m5,-0.0
21,yngkp_m5,-0.0
22,yngkp_m5,-0.0
23,yngkp_m5,-0.0
24,yngkp_m5,-0.0
25,yngkp_m5,-0.0
26,yngkp_m5,-0.0
27,yngkp_m5,-4.0
28,yngkp_m5,-0.0
29,yngkp_m5,-0.0
30,yngkp_m5,-0.0
31,yngkp_m5,-0.0
32,yngkp_m5,-0.0
33,yngkp_m5,-0.0
34,yngkp_m5,-0.0
35,yngkp_m5,-0.0
36,yngkp_m5,-0.0
37,yngkp_m5,-0.0
38,yngkp_m5,-4.0
39,yngkp_m5,-4.0
40,yngkp_m5,-4.0
41,yngkp_m5,-4.0
42,yngkp_m5,-4.0
43,yngkp_m5,-4.0
44,yngkp_m5,-4.0
45,yngkp_m5,-4.0
46,yngkp_m5,-4.0
47,yngkp_m5,-0.0
48,yngkp_m5,-0.0
49,yngkp_m5,-0.0
50,yngkp_m5,-0.0
51,yngkp_m5,-0.0
52,yngkp_m5,-0.0
53,yngkp_m5,-0.0
54,yngkp_m5,-0.0
55,yngkp_m5,-0.0
56,yngkp_m5,-0.0
57,yngkp_m5,-0.0
58,yngkp_m5,-0.0
59,yngkp_m5,-0.0
60,yngkp_m5,-0.0
61,yngkp_m5,-0.0
62,yngkp_m5,-0.0
63,yngkp_m5,-0.0
64,yngkp_m5,-4.0
65,yngkp_m5,-4.0
66,yngkp_m5,-4.0
67,yngkp_m5,-4.0
68,yngkp_m5,-4.0
69,yngkp_m5,-4.0
70,yngkp_m5,-1.869666231504994
71,yngkp_m5,-4.0
72,yngkp_m5,-0.0
73,yngkp_m5,-0.0
74,yngkp_m5,-0.0
75,yngkp_m5,-0.0
76,yngkp_m5,-0.0
77,yngkp_m5,-0.0
78,yngkp_m5,-4.0
79,yngkp_m5,-4.0
80,yngkp_m5,-4.0
81,yngkp_m5,-4.0
82,yngkp_m5,-4.0
83,yngkp_m5,-4.0
84,yngkp_m5,-1.856985199745905
85,yngkp_m5,-4.0
86,yngkp_m5,-4.0
87,yngkp_m5,-4.0
88,yngkp_m5,-4.0
89,yngkp_m5,-3.425968732272281
90,yngkp_m5,-0.0
91,yngkp_m5,-0.0
92,yngkp_m5,-0.0
93,yngkp_m5,-0.0
94,yngkp_m5,-0.0
95,yngkp_m5,-0.0
96,yngkp_m5,-0.0
97,yngkp_m5,-4.0
98,yngkp_m5,-0.0
99,yngkp_m5,-0.0
100,yngkp_m5,-0.0
101,yngkp_m5,-0.0
102,yngkp_m5,-0.0
103,yngkp_m5,-0.0
104,yngkp_m5,-0.0
105,yngkp_m5,-0.0
106,yngkp_m5,-0.0
107,yngkp_m5,-0.0
108,yngkp_m5,-0.0
109,yngkp_m5,-0.0
110,yngkp_m5,-0.0
111,yngkp_m5,-0.0
112,yngkp_m5,-0.0
113,yngkp_m5,-0.0
114,yngkp_m5,-0.0
115,yngkp_m5,-0.0
116,yngkp_m5,-0.0
117,yngkp_m5,-0.0
118,yngkp_m5,-0.0
119,yngkp_m5,-0.0
120,yngkp_m5,-0.0
121,yngkp_m5,-0.0
122,yngkp_m5,-0.0
123,yngkp_m5,-0.0
124,yngkp_m5,-0.0
125,yngkp_m5,-0.0
126,yngkp_m5,-0.0
127,yngkp_m5,-0.0
128,yngkp_m5,-0.0
129,yngkp_m5,-0.0
130,yngkp_m5,-0.0
131,yngkp_m5,-0.0
132,yngkp_m5,-0.0
133,yngkp_m5,-0.0
134,yngkp_m5,-0.0
135,yngkp_m5,-0.0
136,yngkp_m5,-0.0
137,yngkp_m5,-0.0
138,yngkp_m5,-0.0
139,yngkp_m5,-0.0
140,yngkp_m5,-0.0
141,yngkp_m5,-0.0
142,yngkp_m5,-0.0
143,yngkp_m5,-0.0
144,yngkp_m5,-0.0
145,yngkp_m5,-0.0
146,yngkp_m5,-0.0
147,yngkp_m5,-0.0
148,yngkp_m5,-0.0
149,yngkp_m5,-0.0
150,yngkp_m5,-0.0
151,yngkp_m5,-0.0
152,yngkp_m5,-0.0
153,yngkp_m5,-0.0
154,yngkp_m5,-0.0
155,yngkp_m5,-0.0
156,yngkp_m5,-0.0
157,yngkp_m5,-0.0
158,yngkp_m5,-0.0
159,yngkp_m5,-0.0
160,yngkp_m5,-0.0
161,yngkp_m5,-0.0
162,yngkp_m5,-0.0
163,yngkp_m5,-0.0
164,yngkp_m5,-0.0
165,yngkp_m5,-0.0
166,yngkp_m5,-0.0
167,yngkp_m5,-0.0
168,yngkp_m5,-0.0
169,yngkp_m5,-0.0
170,yngkp_m5,-0.0
171,yngkp_m5,-0.0
172,yngkp_m5,-0.0
173,yngkp_m5,-0.0
174,yngkp_m5,-0.0
175,yngkp_m5,-0.0
176,yngkp_m5,-0.0
177,yngkp_m5,-0.0
178,yngkp_m5,-0.0
179,yngkp_m5,-0.0
180,yngkp_m5,-0.0
181,yngkp_m5,-0.0
182,yngkp_m5,-0.0
183,yngkp_m5,-0.0
184,yngkp_m5,-0.0
185,yngkp_m5,-0.0
186,yngkp_m5,-0.0
187,yngkp_m5,-0.0
188,yngkp_m5,-0.0
189,yngkp_m5,-0.0
190,yngkp_m5,-0.0
191,yngkp_m5,-0.0
192,yngkp_m5,-0.0
193,yngkp_m5,-0.0
194,yngkp_m5,-0.0
195,yngkp_m5,-0.0
196,yngkp_m5,-0.0
197,yngkp_m5,-0.0
198,yngkp_m5,-0.0
199,yngkp_m5,-0.0
200,yngkp_m5,-0.0
201,yngkp_m5,-0.0
202,yngkp_m5,-0.0
203,yngkp_m5,-0.0
204,yngkp_m5,-0.0
205,yngkp_m5,-0.0
206,yngkp_m5,-0.0
207,yngkp_m5,-0.0
208,yngkp_m5,-0.0
209,yngkp_m5,-0.0
210,yngkp_m5,-0.0
211,yngkp_m5,-0.0
212,yngkp_m5,-0.0
213,yngkp_m5,-4.0
214,yngkp_m5,-4.0
215,yngkp_m5,-4.0
216,yngkp_m5,-4.0
217,yngkp_m5,-2.1051303432547477
218,yngkp_m5,-4.0
219,yngkp_m5,-4.0
220,yngkp_m5,-4.0
221,yngkp_m5,-0.0
222,yngkp_m5,-0.0
223,yngkp_m5,-0.0
224,yngkp_m5,-0.0
225,yngkp_m5,-0.0
226,yngkp_m5,-0.0
227,yngkp_m5,-0.0
228,yngkp_m5,-0.0
229,yngkp_m5,-0.0
230,yngkp_m5,-0.0
231,yngkp_m5,-0.0
232,yngkp_m5,-0.0
233,yngkp_m5,-0.0
234,yngkp_m5,-0.0
235,yngkp_m5,-0.0
236,yngkp_m5,-0.0
237,yngkp_m5,-0.0
238,yngkp_m5,-0.0
239,yngkp_m5,-0.0
240,yngkp_m5,-0.0
241,yngkp_m5,-0.0
242,yngkp_m5,-0.0
243,yngkp_m5,-0.0
244,yngkp_m5,-0.0
245,yngkp_m5,-0.0
246,yngkp_m5,-0.0
247,yngkp_m5,-0.0
248,yngkp_m5,-0.0
249,yngkp_m5,-0.0
250,yngkp_m5,-0.0
251,yngkp_m5,-0.0
252,yngkp_m5,-0.0
253,yngkp_m5,-0.0
254,yngkp_m5,-0.0
255,yngkp_m5,-0.0
256,yngkp_m5,-0.0
257,yngkp_m5,-0.0
258,yngkp_m5,-0.0
259,yngkp_m5,-0.0
260,yngkp_m5,-0.0
261,yngkp_m5,-0.0
262,yngkp_m5,-0.0
263,yngkp_m5,-0.0
264,yngkp_m5,-0.0
265,yngkp_m5,-0.0
266,yngkp_m5,-0.0
267,yngkp_m5,-0.0
268,yngkp_m5,-0.0
269,yngkp_m5,-0.0
270,yngkp_m5,-0.0
271,yngkp_m5,-0.0
272,yngkp_m5,-0.0
273,yngkp_m5,-0.0
274,yngkp_m5,-0.0
275,yngkp_m5,-0.0
276,yngkp_m5,-0.0
277,yngkp_m5,-0.0
278,yngkp_m5,-0.0
279,yngkp_m5,-0.0
280,yngkp_m5,-0.0
281,yngkp_m5,-0.0
282,yngkp_m5,-0.0
283,yngkp_m5,-0.0
284,yngkp_m5,-0.0
285,yngkp_m5,-0.0
286,yngkp_m5,-0.0
287,yngkp_m5,-0.0
288,yngkp_m5,-0.0
289,yngkp_m5,-0.0
290,yngkp_m5,-0.0
291,yngkp_m5,-0.0
292,yngkp_m5,-0.0
293,yngkp_m5,-0.0
294,yngkp_m5,-0.0
295,yngkp_m5,-0.0
296,yngkp_m5,-0.0
297,yngkp_m5,-0.0
298,yngkp_m5,-0.0
299,yngkp_m5,-0.0
300,yngkp_m5,-0.0
301,yngkp_m5,-0.0
302,yngkp_m5,-0.0
303,yngkp_m5,-0.0
304,yngkp_m5,-0.0
305,yngkp_m5,-0.0
306,yngkp_m5,-0.0
307,yngkp_m5,-0.0
308,yngkp_m5,-0.0
309,yngkp_m5,-0.0
310,yngkp_m5,-0.0
311,yngkp_m5,-0.0
312,yngkp_m5,-0.0
313,yngkp_m5,-0.0
314,yngkp_m5,-0.0
315,yngkp_m5,-0.0
316,yngkp_m5,-0.0
317,yngkp_m5,-0.0
318,yngkp_m5,-0.0
319,yngkp_m5,-0.0
320,yngkp_m5,-0.0
321,yngkp_m5,-0.0
322,yngkp_m5,-0.0
323,yngkp_m5,-0.0
324,yngkp_m5,-0.0
325,yngkp_m5,-0.0
326,yngkp_m5,-0.0
327,yngkp_m5,-0.0
328,yngkp_m5,-0.0
329,yngkp_m5,-0.0
330,yngkp_m5,-0.0
331,yngkp_m5,-0.0
332,yngkp_m5,-0.0
333,yngkp_m5,-0.0
334,yngkp_m5,-0.0
335,yngkp_m5,-0.0
336,yngkp_m5,-0.0
337,yngkp_m5,-0.0
338,yngkp_m5,-0.0
339,yngkp_m5,-0.0
340,yngkp_m5,-0.0
341,yngkp_m5,-0.0
342,yngkp_m5,-0.0
343,yngkp_m5,-0.0
344,yngkp_m5,-0.0
345,yngkp_m5,-0.0
346,yngkp_m5,-0.0
347,yngkp_m5,-0.0
348,yngkp_m5,-0.0
349,yngkp_m5,-0.0
350,yngkp_m5,-0.0
351,yngkp_m5,-0.0
352,yngkp_m5,-0.0
353,yngkp_m5,-0.0
354,yngkp_m5,-0.0
355,yngkp_m5,-0.0
356,yngkp_m5,-0.0
357,yngkp_m5,-0.0
358,yngkp_m5,-0.0
359,yngkp_m5,-0.0
360,yngkp_m5,-0.0
361,yngkp_m5,-0.0
362,yngkp_m5,-0.0
363,yngkp_m5,-0.0
364,yngkp_m5,-0.0
365,yngkp_m5,-0.0
366,yngkp_m5,-0.0
367,yngkp_m5,-0.0
368,yngkp_m5,-0.0
369,yngkp_m5,-0.0
370,yngkp_m5,-0.0
371,yngkp_m5,-0.0
372,yngkp_m5,-0.0
373,yngkp_m5,-0.0
374,yngkp_m5,-0.0
375,yngkp_m5,-0.0
376,yngkp_m5,-0.0
377,yngkp_m5,-0.0
378,yngkp_m5,-0.0
379,yngkp_m5,-0.0
380,yngkp_m5,-0.0
381,yngkp_m5,-0.0
382,yngkp_m5,-0.0
383,yngkp_m5,-0.0
384,yngkp_m5,-0.0
385,yngkp_m5,-0.0
386,yngkp_m5,-0.0
387,yngkp_m5,-0.0
388,yngkp_m5,-0.0
389,yngkp_m5,-0.0
390,yngkp_m5,-0.0
391,yngkp_m5,-0.0
392,yngkp_m5,-0.0
393,yngkp_m5,-0.0
394,yngkp_m5,-0.0
395,yngkp_m5,-0.0
396,yngkp_m5,-0.0
397,yngkp_m5,-0.0
398,yngkp_m5,-0.0
399,yngkp_m5,-0.0
400,yngkp_m5,-0.0
401,yngkp_m5,-0.0
402,yngkp_m5,-0.0
403,yngkp_m5,-0.0
404,yngkp_m5,-0.0
405,yngkp_m5,-0.0
406,yngkp_m5,-0.0
407,yngkp_m5,-0.0
408,yngkp_m5,-0.0
409,yngkp_m5,-0.0
410,yngkp_m5,-0.0
411,yngkp_m5,-0.0
412,yngkp_m5,-0.0
413,yngkp_m5,-0.0
414,yngkp_m5,-0.0
415,yngkp_m5,-0.0
416,yngkp_m5,-0.0
417,yngkp_m5,-0.0
418,yngkp_m5,-0.0
419,yngkp_m5,-0.0
420,yngkp_m5,-0.0
421,yngkp_m5,-0.0
422,yngkp_m5,-0.0
423,yngkp_m5,-0.0
424,yngkp_m5,-0.0
425,yngkp_m5,-0.0
426,yngkp_m5,-0.0
427,yngkp_m5,-0.0
428,yngkp_m5,-0.0
429,yngkp_m5,-0.0
430,yngkp_m5,-0.0
431,yngkp_m5,-0.0
432,yngkp_m5,-0.0
433,yngkp_m5,-0.0
434,yngkp_m5,-0.0
435,yngkp_m5,-0.0
436,yngkp_m5,-0.0
437,yngkp_m5,-0.0
438,yngkp_m5,-0.0
439,yngkp_m5,-0.0
440,yngkp_m5,-0.0
441,yngkp_m5,-0.0
442,yngkp_m5,-0.0
443,yngkp_m5,-0.0
444,yngkp_m5,-0.0
445,yngkp_m5,-0.0
446,yngkp_m5,-0.0
447,yngkp_m5,-0.0
448,yngkp_m5,-0.0
449,yngkp_m5,-0.0
450,yngkp_m5,-0.0
451,yngkp_m5,-0.0
452,yngkp_m5,-0.0
453,yngkp_m5,-0.0
454,yngkp_m5,-0.0
